{"NGO_000": 101.56500000000004, "NGO_001": 83.05059999999999, "NGO_002": 447.5797999999998, "NGO_003": 87.44479999999997, "NGO_004": 224.28140000000002, "NGO_005": 176.18400000000003, "NGO_006": 234.97379999999998, "NGO_007": 156.77199999999996, "NGO_008": 92.33560000000001, "NGO_009": 74.05659999999999, "NGO_010": 72.16520000000003, "NGO_011": 416.65999999999985, "NGO_012": 89.98379999999996, "NGO_013": 229.65960000000004, "NGO_014": 90.12120000000003, "NGO_015": 180.80200000000002, "NGO_016": 74.43979999999996, "NGO_017": 134.46159999999998, "NGO_018": 78.3284, "NGO_019": 395.5131999999997, "NGO_020": 247.07100000000003, "NGO_021": 93.0024, "NGO_022": 119.32480000000005, "NGO_023": 59.22120000000002, "NGO_024": 126.8124, "NGO_025": 145.72099999999998, "NGO_026": 69.3008, "NGO_027": 211.06279999999995, "NGO_028": 227.42179999999985, "NGO_029": 139.56600000000003, "NGO_030": 84.34119999999999, "NGO_031": 218.38120000000006, "NGO_032": 190.5966, "NGO_033": 55.07299999999997, "NGO_034": 95.93360000000003, "NGO_035": 106.46679999999998, "NGO_036": 65.09700000000002, "NGO_037": 55.651199999999996, "NGO_038": 72.41980000000001, "NGO_039": 214.8937999999999, "NGO_040": 90.86219999999997, "NGO_041": 160.74119999999994, "NGO_042": 73.03759999999997, "NGO_043": 46.21919999999998, "NGO_044": 394.76999999999975, "NGO_045": 284.08439999999996, "NGO_046": 92.92400000000002, "NGO_047": 49.730600000000024, "NGO_048": 294.61159999999995, "NGO_049": 117.42099999999996, "NGO_050": 168.02239999999995, "NGO_051": 142.43479999999994, "NGO_052": 55.53060000000001, "NGO_053": 177.18199999999996, "NGO_054": 183.55180000000004, "NGO_055": 110.32100000000003, "NGO_056": 74.97140000000003, "NGO_057": 47.7826, "NGO_058": 216.45840000000004, "NGO_059": 147.55720000000005, "NGO_060": 179.66499999999996, "NGO_061": 177.11899999999997, "NGO_062": 194.004, "NGO_063": 72.085, "NGO_064": 103.30020000000002, "NGO_065": 107.01639999999999, "NGO_066": 84.23340000000003, "NGO_067": 381.9723999999999, "NGO_068": 71.11760000000002, "NGO_069": 57.222200000000015, "NGO_070": 93.59899999999996, "NGO_071": 63.758200000000016, "NGO_072": 41.152399999999986, "NGO_073": 62.367000000000004, "NGO_074": 99.5236, "NGO_075": 103.60340000000001, "NGO_076": 238.90019999999996, "NGO_077": 361.24799999999993, "NGO_078": 197.35300000000004, "NGO_079": 128.8792, "NGO_080": 353.27360000000016, "NGO_081": 183.4192, "NGO_082": 96.447, "NGO_083": 104.347, "NGO_084": 349.27060000000006, "NGO_085": 68.50659999999999, "NGO_086": 110.85459999999998, "NGO_087": 66.67740000000002, "NGO_088": 217.82320000000007, "NGO_089": 119.39339999999999, "NGO_090": 217.96640000000008, "NGO_091": 131.63899999999992, "NGO_092": 266.42060000000004, "NGO_093": 162.4336, "NGO_094": 296.6045999999999, "NGO_095": 125.26859999999995, "NGO_096": 187.77879999999996, "NGO_097": 152.98760000000001, "NGO_098": 182.5674, "NGO_099": 181.3498, "NGO_100": 79.00560000000003, "NGO_101": 189.71920000000006, "NGO_102": 79.83119999999997, "NGO_103": 39.884199999999986, "NGO_104": 267.2316, "NGO_105": 602.2891999999999, "NGO_106": 72.9694, "NGO_107": 81.9454, "NGO_108": 163.56220000000002, "NGO_109": 66.45560000000002, "NGO_110": 90.96940000000002, "NGO_111": 128.0716, "NGO_112": 124.6478, "NGO_113": 97.524, "NGO_114": 178.56999999999996, "NGO_115": 125.88620000000004, "NGO_116": 69.00580000000004, "NGO_117": 202.37080000000003, "NGO_118": 134.18660000000003, "NGO_119": 143.49820000000003, "NGO_120": 82.24020000000002, "NGO_121": 337.98079999999993, "NGO_122": 224.26039999999998, "NGO_123": 183.27560000000003, "NGO_124": 302.6787999999999, "NGO_125": 107.07559999999998, "NGO_126": 73.59940000000002, "NGO_127": 282.11240000000004, "NGO_128": 330.1486, "NGO_129": 96.33279999999996, "NGO_130": 103.86840000000001, "NGO_131": 126.34160000000003, "NGO_132": 289.5416, "NGO_133": 114.83900000000003, "NGO_134": 132.23639999999995, "NGO_135": 147.90399999999997, "NGO_136": 244.16720000000004, "NGO_137": 107.31500000000005, "NGO_138": 63.39239999999998, "NGO_139": 260.9717999999999, "NGO_140": 118.43099999999998, "NGO_141": 190.5032, "NGO_142": 177.30419999999998, "NGO_143": 52.264600000000016, "NGO_144": 39.01539999999999, "NGO_145": 133.7614, "NGO_146": 75.66160000000002, "NGO_147": 209.73199999999994, "NGO_148": 120.53099999999993, "NGO_149": 156.24559999999997, "NGO_150": 107.95280000000001, "NGO_151": 133.46480000000003, "NGO_152": 35.494800000000005, "NGO_153": 65.94279999999996, "NGO_154": 88.50440000000002, "NGO_155": 125.13739999999999, "NGO_156": 138.92779999999996, "NGO_157": 118.26000000000008, "NGO_158": 163.75439999999998, "NGO_159": 137.9546, "NGO_160": 205.6286, "NGO_161": 114.8328, "NGO_162": 260.77680000000004, "NGO_163": 121.64160000000001, "NGO_164": 241.22879999999995, "NGO_165": 36.78559999999999, "NGO_166": 60.184799999999996, "NGO_167": 106.311, "NGO_168": 225.9825999999999, "NGO_169": 122.36259999999999, "NGO_170": 96.40939999999999, "NGO_171": 118.87919999999998, "NGO_172": 64.9834, "NGO_173": 94.3236, "NGO_174": 172.97499999999997, "NGO_175": 149.24740000000003, "NGO_176": 97.87700000000001, "NGO_177": 145.6538, "NGO_178": 164.53120000000007, "NGO_179": 48.8914, "NGO_180": 137.17259999999996, "NGO_181": 43.933599999999984, "NGO_182": 285.50040000000007, "NGO_183": 43.01039999999998, "NGO_184": 159.84939999999995, "NGO_185": 156.6432, "NGO_186": 66.9652, "NGO_187": 110.83979999999995, "NGO_188": 102.31880000000002, "NGO_189": 90.59600000000002, "NGO_190": 59.84059999999996, "NGO_191": 241.0932, "NGO_192": 91.99, "NGO_193": 150.29300000000003, "NGO_194": 46.8746, "NGO_195": 93.73019999999998, "NGO_196": 270.74619999999993, "NGO_197": 49.91580000000002, "NGO_198": 62.00119999999997, "NGO_199": 144.32660000000016, "NGO_200": 128.73719999999994, "NGO_201": 89.23299999999999, "NGO_202": 64.1618, "NGO_203": 113.07599999999998, "NGO_204": 162.61580000000004, "NGO_205": 164.96, "NGO_206": 74.3722, "NGO_207": 97.37400000000001, "NGO_208": 33.700600000000016, "NGO_209": 140.19600000000003, "NGO_210": 45.347799999999985, "NGO_211": 153.86539999999994, "NGO_212": 94.26620000000003, "NGO_213": 38.273999999999994, "NGO_214": 84.97040000000001, "NGO_215": 96.15899999999999, "NGO_216": 98.06339999999999, "NGO_217": 89.81480000000002, "NGO_218": 210.57100000000003, "NGO_219": 387.99260000000015, "NGO_220": 196.83860000000004, "NGO_221": 194.03079999999997, "NGO_222": 83.33399999999997, "NGO_223": 156.79080000000005, "NGO_224": 126.82679999999999, "NGO_225": 79.04620000000003, "NGO_226": 185.79500000000004, "NGO_227": 152.04019999999997, "NGO_228": 95.34579999999998, "NGO_229": 74.269, "NGO_230": 243.06419999999994, "NGO_231": 192.4116, "NGO_232": 49.11220000000002, "NGO_233": 167.10219999999993, "NGO_234": 56.36440000000002, "NGO_235": 92.73039999999996, "NGO_236": 130.2326, "NGO_237": 51.52459999999997, "NGO_238": 79.8186, "NGO_239": 95.76899999999999, "NGO_240": 49.08719999999998, "NGO_241": 42.6844, "NGO_242": 129.21499999999992, "NGO_243": 70.68159999999997, "NGO_244": 177.24079999999992, "NGO_245": 102.91239999999998, "NGO_246": 322.5832, "NGO_247": 71.68259999999997, "NGO_248": 39.455, "NGO_249": 125.48139999999998, "NGO_250": 134.36440000000002, "NGO_251": 41.403800000000004, "NGO_252": 282.61300000000017, "NGO_253": 97.594, "NGO_254": 211.25059999999996, "NGO_255": 53.30160000000001, "NGO_256": 230.51679999999993, "NGO_257": 263.64220000000006, "NGO_258": 302.87700000000007, "NGO_259": 100.08379999999997, "NGO_260": 113.18400000000003, "NGO_261": 46.45, "NGO_262": 168.8064, "NGO_263": 325.3519999999999, "NGO_264": 81.73239999999998, "NGO_265": 55.6924, "NGO_266": 95.64019999999996, "NGO_267": 124.24559999999994, "NGO_268": 116.89660000000002, "NGO_269": 112.02479999999994, "NGO_270": 106.25560000000002, "NGO_271": 257.3508000000001, "NGO_272": 59.49000000000001, "NGO_273": 53.031000000000006, "NGO_274": 65.54560000000001, "NGO_275": 66.1266, "NGO_276": 241.86519999999996, "NGO_277": 279.4517999999999, "NGO_278": 65.88499999999999,